{
  "pagerank_alpha": 0.26531049999999995,
  "pagerank_chat_multiplier": 70.0,
  "depth_weight_root": 0.3429999999999999,
  "depth_weight_moderate": 0.28983499999999995,
  "depth_weight_deep": 0.1399489,
  "depth_weight_vendor": 0.01,
  "boost_mentioned_ident": 10.0,
  "boost_mentioned_file": 5.0,
  "boost_chat_file": 14.0,
  "boost_temporal_coupling": 5.4580071000000006,
  "boost_focus_expansion": 2.4499999999999997,
  "git_recency_decay_days": 30.0,
  "git_recency_max_boost": 7.0,
  "git_churn_threshold": 5.0,
  "git_churn_max_boost": 6.0,
  "focus_decay": 0.289835,
  "focus_max_hops": 2.1530599999999995
}